origin,breakdown_total,form_factor,effective_connection_type,cdf_max,value
https://www.reddit.com,0.0236,desktop,3G,0.9957627118644068,2882738.0
https://www.yahoo.com,0.0457,desktop,3G,0.9956236323851204,716301.0
https://world.taobao.com,0.8619,desktop,4G,0.994778976679429,12593.0
https://www.wikipedia.org,0.6645,desktop,4G,0.9945823927765236,12250.0
https://world.taobao.com,0.05279999999999999,phone,4G,0.9943181818181819,1462738.0
https://www.google.com,0.034499999999999996,desktop,3G,0.9942028985507246,2180412.0
https://www.facebook.com,0.8648999999999999,desktop,4G,0.9936408833391144,15493.0
https://www.facebook.com,0.13499999999999998,desktop,3G,0.9933333333333334,225963.0
https://world.taobao.com,0.08539999999999999,desktop,3G,0.9929742388758782,410348.0
https://www.baidu.com,0.09609999999999999,desktop,3G,0.9927159209157129,349539.0
https://www.yahoo.com,0.2047,phone,4G,0.9926722032242306,90931.0
https://twitter.com,0.10859999999999999,desktop,3G,0.992633517495396,44784.0
https://www.yahoo.com,0.7291,desktop,4G,0.9924564531614318,21384.0
https://www.wikipedia.org,0.0389,desktop,3G,0.9922879177377891,2584042.0
https://www.youtube.com,0.8966,desktop,4G,0.9920811956279277,14538.0
http://lpl.qq.com,0.0622,desktop,3G,0.9919614147909968,781810.0
https://www.google.com,0.0242,phone,3G,0.9917355371900826,6754758.0
https://twitter.com,0.024099999999999996,phone,4G,0.991701244813278,513911.0
https://www.reddit.com,0.0115,phone,3G,0.9913043478260869,3.4981645E7
https://www.youtube.com,0.10289999999999999,desktop,3G,0.9912536443148688,344925.0
https://www.reddit.com,0.18999999999999997,phone,4G,0.9910526315789475,10117.0
https://www.baidu.com,0.06639999999999999,phone,4G,0.9909638554216869,45326.0
https://www.reddit.com,0.7742,desktop,4G,0.9909584086799277,4157.0
http://lpl.qq.com,0.0435,phone,4G,0.9908045977011495,239908.0
http://lpl.qq.com,0.8946999999999999,desktop,4G,0.9906113781155695,6137.0
https://www.wikipedia.org,0.031799999999999995,phone,3G,0.990566037735849,4514426.0
https://www.wikipedia.org,0.26459999999999995,phone,4G,0.990551776266062,12535.0
https://www.google.com,0.22039999999999998,phone,4G,0.9904718693284937,12225.0
https://www.baidu.com,0.8373999999999999,desktop,4G,0.990207786004299,7536.0
https://www.yahoo.com,0.020399999999999998,phone,3G,0.9901960784313726,1.1794318E7
https://twitter.com,0.8669999999999999,desktop,4G,0.9900807381776241,9613.0
https://www.google.com,0.7202,desktop,4G,0.9900027770063872,5463.0
